Filename,Window_req (V),Window_cath_used (V),Window_anod_used (V),Method,Ecorr (V),βc (mV/dec),βa (mV/dec),αc,αa,Icorr (µA),Rate (mmpy),R² (BV on log),RMSE (BV on log),Rp_exp (ohm),Rp_pred (ohm),Rp_ratio (exp/pred)
1_LSV Tuball(2025-03-18 15_56_51) 20250318 155912.csv,0.15,0.15,0.15,LinC/LinA,-0.3822425177097562,116.62696962526124,107.77532417296968,0.5070624257631021,0.5487077360368204,26.546393168908242,0.8264447133978168,0.856500956873306,0.1695956715375493,496.28831203856555,916.2027204632241,0.5416795878838326
1_LSV Tuball(2025-03-18 15_56_51) 20250318 155912.csv,0.15,0.15,0.15,NlC/NlA,-0.3789840226278708,281.9927887588558,205.0676474093507,0.20971158300844114,0.2883787612267114,99.52453004585885,3.098406671914177,0.9887402561237825,0.045773368598237246,484.42983683096134,517.9981691788295,0.9351960405553493
1_LSV Tuball(2025-03-18 15_56_51) 20250318 155912.csv,0.2,0.2,0.2,LinC/LinA,-0.3832577636242648,135.64944112982894,126.36060442922836,0.43595575208441095,0.46800309633455367,31.23237409205869,0.9723290953693952,0.8775423229496778,0.17106038250609465,499.5071150082422,909.5211968666163,0.549197882060462
1_LSV Tuball(2025-03-18 15_56_51) 20250318 155912.csv,0.2,0.2,0.2,NlC/NlA,-0.37901003730081556,251.4692900954137,197.68136856909933,0.23516650524263416,0.2991539089173862,91.63448670338474,2.8527731288796168,0.9919971042557715,0.0422050884060991,484.42983683096134,524.4520224359253,0.9236876131794236
1_LSV Tuball(2025-03-18 15_56_51) 20250318 155912.csv,0.25,0.25,0.25,LinC/LinA,-0.38421060347603636,155.17815737051535,146.85853315151624,0.38109199857544485,0.40268108947112985,37.99146328542395,1.1827536715330416,0.9187007614975665,0.1505733349197487,502.38281719114815,862.3629997339631,0.5825653667262302
1_LSV Tuball(2025-03-18 15_56_51) 20250318 155912.csv,0.25,0.25,0.25,NlC/NlA,-0.3790508907554921,235.37047155279862,198.29686163682794,0.25125137294173655,0.2982253659459912,88.37420741888997,2.751273819285012,0.9927669501918271,0.04396650157498193,484.42983683096134,528.8002345707658,0.9160923259124109
1_Quick Tafel Protocol Naf-Gr_flex ch4 (2026-02-06 14_41_14) 20260206 144225.csv,0.15,0.15,0.15,LinC/LinA,-0.4630402010846974,99.61528129556042,129.17735992248072,0.5936554448119615,0.4577981324519465,7.570960412709679,0.23569982440237455,0.8439617039584013,0.18883321050376595,1827.7226224285098,3225.7106257994787,0.5666108446958154
1_Quick Tafel Protocol Naf-Gr_flex ch4 (2026-02-06 14_41_14) 20260206 144225.csv,0.15,0.15,0.15,NlC/NlA,-0.4630402157303236,159.96845046488886,262.404551179208,0.3696801085196764,0.22536634315918225,21.86870560152312,0.6808185209281031,0.9242432125548616,0.1315750525794683,1827.7226224285098,1973.2973613494469,0.9262276726395736
1_Quick Tafel Protocol Naf-Gr_flex ch4 (2026-02-06 14_41_14) 20260206 144225.csv,0.2,0.2,0.2,LinC/LinA,-0.4597426940338588,117.09786933804622,146.59990470816876,0.5050233147869102,0.40339149091063076,9.041976320374445,0.28149562470105727,0.8738150052771503,0.18869154110458597,1940.000324719555,3126.2155129206817,0.6205587288213219
1_Quick Tafel Protocol Naf-Gr_flex ch4 (2026-02-06 14_41_14) 20260206 144225.csv,0.2,0.2,0.2,NlC/NlA,-0.4597427059147077,156.02291619198462,218.15787612382525,0.37902864252849194,0.2710750360166628,19.318567182732238,0.6014273810006343,0.9210608860914451,0.1492432500822664,1940.000324719555,2044.6027803614643,0.9488397175986346
1_Quick Tafel Protocol Naf-Gr_flex ch4 (2026-02-06 14_41_14) 20260206 144225.csv,0.25,0.25,0.25,LinC/LinA,-0.46107307374344136,123.86062560463748,160.54169926878149,0.477449179986787,0.3683600858651448,9.909726036876856,0.30851048736781733,0.9252846956146081,0.16182576215386862,1893.236136936583,3063.6023665188086,0.6179771100933963
1_Quick Tafel Protocol Naf-Gr_flex ch4 (2026-02-06 14_41_14) 20260206 144225.csv,0.25,0.25,0.25,NlC/NlA,-0.46107307424226246,151.66486989774225,212.98600144252435,0.38991992125438757,0.2776574691625597,18.689399952880546,0.5818400898893477,0.9576518420987733,0.12183165334089019,1893.236136936583,2058.114372622345,0.9198886913773978
1_Quick Tafel Protocol Naf-Gr_flex ch4 (2026-02-06 14_41_14) 20260206 144225.csv,0.3,0.2739927936214805,0.3,LinC/LinA,-0.4623849164170113,124.13145468519582,167.8359525073,0.4764074849324828,0.35235093103792786,10.18861833669897,0.31719298767318077,0.9474243209950706,0.14502795925302256,1849.0344717023095,3041.047736123193,0.6080254675842435
1_Quick Tafel Protocol Naf-Gr_flex ch4 (2026-02-06 14_41_14) 20260206 144225.csv,0.3,0.2739927936214805,0.3,NlC/NlA,-0.46238491844100743,145.92046931962122,207.8453830615251,0.4052697637509086,0.2845247426548762,17.81792580573464,0.5547092779108995,0.972076524891002,0.1056924642340439,1849.0344717023095,2089.2461262310985,0.8850247218301084
1_Quick Tafel Protocol Naf_flex ch3 (2026-02-06 14_41_14) 20260206 144225.csv,0.15,0.15,0.15,LinC/LinA,-0.40384657883785935,88.79512847597702,103.8395986284149,0.6659954790603607,0.5695048412042125,7.118315266773525,0.2216080347749137,0.8860905534861584,0.17768981443804394,1877.7783579388604,2919.754940384947,0.6431287543917265
1_Quick Tafel Protocol Naf_flex ch3 (2026-02-06 14_41_14) 20260206 144225.csv,0.15,0.15,0.15,NlC/NlA,-0.398073904290469,130.7053836289593,139.69031366265665,0.45244619988615425,0.42334470141141717,15.752620447163522,0.4904120046699383,0.9912605557614553,0.046898736311786766,1860.5092446872163,1861.2865760226273,0.999582368805844
1_Quick Tafel Protocol Naf_flex ch3 (2026-02-06 14_41_14) 20260206 144225.csv,0.2,0.2,0.2,LinC/LinA,-0.403184639454136,103.83637097781835,120.33274220532522,0.5695225436973095,0.4914469083292239,8.576467376051022,0.2670033581386046,0.92282628788495,0.1586960674809041,1876.5175694066497,2821.9880052181343,0.664962985645858
1_Quick Tafel Protocol Naf_flex ch3 (2026-02-06 14_41_14) 20260206 144225.csv,0.2,0.2,0.2,NlC/NlA,-0.39810046290466733,141.01610317670588,156.60258461705592,0.4193645462850467,0.37762565842826995,18.005420969429796,0.5605463943069984,0.9929863374337885,0.04647464558456103,1861.6581276526865,1789.41148135831,1.0403745293058784
1_Quick Tafel Protocol Naf_flex ch3 (2026-02-06 14_41_14) 20260206 144225.csv,0.25,0.25,0.25,LinC/LinA,-0.40297959717136883,115.69441503969867,137.14426201918704,0.5111496013640126,0.4312039983073522,10.371753351422642,0.3228943635171005,0.9455441300845053,0.1462618359123244,1877.8438925013243,2627.2439998992336,0.7147580858775766
1_Quick Tafel Protocol Naf_flex ch3 (2026-02-06 14_41_14) 20260206 144225.csv,0.25,0.25,0.25,NlC/NlA,-0.3981356323920226,146.15446738001094,167.75085243182374,0.4046209136654319,0.35252967880815234,19.50304951821779,0.6071707017563853,0.99416457467537,0.046765549548376265,1861.6581276526865,1738.9283708442488,1.0705778103722883
1_Quick Tafel Protocol PI-Gr_flex ch2 (2026-02-06 15_15_49) 20260206 151610.csv,0.15,0.15,0.15,LinC/LinA,-0.32374429252128634,110.84359932740495,124.85423346547674,0.5335188904585088,0.4736495710731068,2.361100961521982,0.07350600870832333,0.8003464116310602,0.19503776634896797,6098.897750071108,10798.161216130906,0.5648089177405713
1_Quick Tafel Protocol PI-Gr_flex ch2 (2026-02-06 15_15_49) 20260206 151610.csv,0.15,0.15,0.15,NlC/NlA,-0.3187856901607716,256.9506235552817,267.0830562444962,0.23014987591521263,0.2214185915015462,9.13484658712868,0.28438687024626286,0.9785618250579681,0.06059446687527003,5775.222649226936,6225.032411797821,0.927741779830994
1_Quick Tafel Protocol PI-Gr_flex ch2 (2026-02-06 15_15_49) 20260206 151610.csv,0.2,0.2,0.2,LinC/LinA,-0.3290981802227932,114.22698062839626,159.2910212063819,0.5177161630488147,0.3712522757385354,2.814238562448291,0.08761312948908283,0.8305772522539272,0.2068225254885353,6445.083515010012,10264.061154231975,0.6279272325216652
1_Quick Tafel Protocol PI-Gr_flex ch2 (2026-02-06 15_15_49) 20260206 151610.csv,0.2,0.2,0.2,NlC/NlA,-0.31892693419736895,176.72885694234975,230.3959622868271,0.3346208149067335,0.2566761740987583,6.647458567889993,0.2069492814337627,0.9708669113507415,0.08244449680834355,5810.704086261025,6532.887454219848,0.8894541849955893
1_Quick Tafel Protocol PI-Gr_flex ch2 (2026-02-06 15_15_49) 20260206 151610.csv,0.25,0.25,0.25,LinC/LinA,-0.3366184618127473,107.26014143857064,184.4113126239666,0.5513432420882389,0.32068072878029585,3.0319319323425598,0.09439037917216185,0.8655388784647436,0.223305903765512,7090.115974789254,9712.222264773136,0.7300199461564597
1_Quick Tafel Protocol PI-Gr_flex ch2 (2026-02-06 15_15_49) 20260206 151610.csv,0.25,0.25,0.25,NlC/NlA,-0.31908837554003344,141.97586705232197,212.7757400111978,0.4165296212333815,0.27793184563462153,5.298446153674468,0.16495170492901082,0.9616234490627636,0.1162701934448289,5810.704086261025,6978.6240795205895,0.8326432288154146
1_Quick Tafel Protocol PI-Gr_flex ch2 (2026-02-06 15_15_49) 20260206 151610.csv,0.3,0.2571777950548215,0.3,LinC/LinA,-0.3414115853691089,104.05915776629581,200.08165382792274,0.5683032171027123,0.29556510052863033,3.1934371841527325,0.0994183752805307,0.8644652434065926,0.23121268650511756,7697.141710695221,9308.089674362976,0.8269303347920308
1_Quick Tafel Protocol PI-Gr_flex ch2 (2026-02-06 15_15_49) 20260206 151610.csv,0.3,0.2571777950548215,0.3,NlC/NlA,-0.31927249479900394,138.0755266787834,219.43977990184797,0.42829569837644205,0.26949149399455163,5.266030921611921,0.16394255099230834,0.9568262502701976,0.12686657741193047,5810.704086261025,6988.1156587800115,0.8315122945854992
1_Quick Tafel Protocol PI_flex ch1 (2026-02-06 15_28_45) 20260206 152909.csv,0.15,0.15,0.15,LinC/LinA,-0.4017069211008369,69.06970716201448,153.7133578291048,0.856195234603624,0.3847235852679245,2.5968349204890253,0.08084489964228381,0.9242050344573034,0.16360793168783014,4461.2528827452625,7968.54022495183,0.5598582371179824
1_Quick Tafel Protocol PI_flex ch1 (2026-02-06 15_28_45) 20260206 152909.csv,0.15,0.15,0.15,NlC/NlA,-0.39800758532569463,93.03360208631173,280.24711542775,0.6356537079228667,0.21101788697208068,5.967840002962583,0.18579133479530532,0.9950034395354244,0.04065538187879964,4614.756459998033,5081.996036626358,0.9080598305742683
1_Quick Tafel Protocol PI_flex ch1 (2026-02-06 15_28_45) 20260206 152909.csv,0.2,0.1732088966450963,0.2,LinC/LinA,-0.4047419130233056,69.73123941548971,196.01273319506032,0.8480726088234163,0.30170057405778217,3.0664137468368433,0.09546387014006256,0.9305614862197704,0.17360328945565623,4344.482442777833,7283.222116522736,0.5965055538979004
1_Quick Tafel Protocol PI_flex ch1 (2026-02-06 15_28_45) 20260206 152909.csv,0.2,0.1732088966450963,0.2,NlC/NlA,-0.39811293187687163,86.488336315452,276.6091583059248,0.6837587199260203,0.2137931892413337,5.518404005694666,0.17179945267446878,0.989300637962294,0.06639610484134287,4614.756459998033,5184.339283879158,0.8901339606278745
1_Quick Tafel Protocol PI_flex ch1 (2026-02-06 15_28_45) 20260206 152909.csv,0.25,0.1732088966450963,0.25,LinC/LinA,-0.40718768640010305,70.3570256434674,228.61917062515775,0.8405294792770343,0.2586710203080276,3.432892052082005,0.10687310588887944,0.9163426312038971,0.1802216358838537,4237.520701693184,6805.020201436662,0.6227050877525047
1_Quick Tafel Protocol PI_flex ch1 (2026-02-06 15_28_45) 20260206 152909.csv,0.25,0.1732088966450963,0.25,NlC/NlA,-0.3981331827111587,87.92756341279531,300.53577308105736,0.6725667337095673,0.1967724291897682,5.817719870324249,0.1811177812468392,0.9887381696462191,0.06430056103624182,4614.756459998033,5077.201887051244,0.9089172663721293
1_Quick Tafel Protocol PI_flex ch1 (2026-02-06 15_28_45) 20260206 152909.csv,0.3,0.1732088966450963,0.3,LinC/LinA,-0.4090188910985547,70.60551763770049,250.69865046155547,0.8375712848822421,0.2358893995588271,3.6919994742288686,0.11493966159280891,0.9080239636706384,0.18141510950046771,4166.80173394595,6479.160071096003,0.643108317779391
1_Quick Tafel Protocol PI_flex ch1 (2026-02-06 15_28_45) 20260206 152909.csv,0.3,0.1732088966450963,0.3,NlC/NlA,-0.39814103661860795,88.60345483327461,310.58499093262026,0.6674362104600002,0.19040570489259115,5.957647748095028,0.18547402859482462,0.9888616803136003,0.061344992231648625,4614.756459998033,5024.402220445477,0.9184687565855101
1_Quick Tafel Protocol PI_flex ch1 (2026-02-06 15_28_45) 20260206 152909.csv,0.35,0.1732088966450963,0.35,LinC/LinA,-0.40994698603403934,70.8141553424902,262.2707022605367,0.8351035727471409,0.22548135806964217,3.8436587809980116,0.11966113284954201,0.9090776587063933,0.17666095498724627,4129.227425487654,6299.066661899956,0.6555300407381585
1_Quick Tafel Protocol PI_flex ch1 (2026-02-06 15_28_45) 20260206 152909.csv,0.35,0.1732088966450963,0.35,NlC/NlA,-0.398140366617965,88.53053070728919,309.78104282447003,0.667985989185034,0.19089984844906482,5.94291670100148,0.1850154203042062,0.9894917352421081,0.058396861889993504,4614.756459998033,5030.7345076387,0.9173126613998328
1_Tafel Protocol Naf-gr_flex ch4 (2026-02-06 13_58_51) 20260206 140033.csv,0.15,0.15,0.15,LinC/LinA,-0.5084316817516507,97.47543084873884,122.42772087153811,0.6066877941719785,0.4830372868709733,5.185115291081979,0.16142347826339826,0.8776385839507733,0.16354691202647959,2603.1279503546484,4544.552438251803,0.5728018293823491
1_Tafel Protocol Naf-gr_flex ch4 (2026-02-06 13_58_51) 20260206 140033.csv,0.15,0.15,0.15,NlC/NlA,-0.5084316859245062,162.8565935014752,250.79570763003943,0.3631241011255028,0.235798111085779,15.976895411707881,0.4973941531530044,0.9736839729063957,0.07584557773029667,2603.1279503546484,2683.512797800883,0.970044917426103
1_Tafel Protocol Naf-gr_flex ch4 (2026-02-06 13_58_51) 20260206 140033.csv,0.2,0.2,0.2,LinC/LinA,-0.5077778781870033,115.66208062911,149.98798166085518,0.5112924979900533,0.3942792847316418,6.437644343306546,0.20041732601521106,0.9076044641581362,0.15582151788594212,2612.192785243743,4404.702913796914,0.5930463044537089
1_Tafel Protocol Naf-gr_flex ch4 (2026-02-06 13_58_51) 20260206 140033.csv,0.2,0.2,0.2,NlC/NlA,-0.5077778825758142,166.05965641562548,250.49069489060426,0.35611993547410503,0.2360852332395473,16.106633987652152,0.5014331862348501,0.976067360183336,0.07930439178934406,2612.192785243743,2692.089534789968,0.9703216596202627
1_Tafel Protocol Naf-gr_flex ch4 (2026-02-06 13_58_51) 20260206 140033.csv,0.25,0.25,0.25,LinC/LinA,-0.5057600148829084,131.14445789323435,170.01131790091648,0.45093140097257167,0.3478424545949938,7.6105443735959035,0.23693215585326563,0.9223707731475914,0.1576891366823863,2637.923738733959,4224.029269880436,0.6245041334215535
1_Tafel Protocol Naf-gr_flex ch4 (2026-02-06 13_58_51) 20260206 140033.csv,0.25,0.25,0.25,NlC/NlA,-0.5057600269315996,170.10988027782045,244.73144134384987,0.3476409132203423,0.24164101597594223,16.084054324432895,0.5007302341170567,0.9671912274319266,0.10251422589053961,2637.923738733959,2709.2421799336184,0.9736758707922498
1_Tafel Protocol Naf-gr_flex ch4 (2026-02-06 13_58_51) 20260206 140033.csv,0.3,0.2876631275585807,0.3,LinC/LinA,-0.5077778745169382,136.0218620019614,182.68298824257272,0.43476212762571836,0.3237146200447535,8.121474478096337,0.2528384780829361,0.950107208361097,0.13377694463231338,2612.192785243743,4168.5913965991285,0.6266368028717936
1_Tafel Protocol Naf-gr_flex ch4 (2026-02-06 13_58_51) 20260206 140033.csv,0.3,0.2876631275585807,0.3,NlC/NlA,-0.5077778750784889,168.38337054431867,244.43725647643498,0.35120543041998104,0.2419318355149585,16.044090806116355,0.49948608624991203,0.9876133954137006,0.06665588629870033,2612.192785243743,2698.3368275771536,0.9680751337442333
1_Tafel Protocol Naf_flex ch3 (2026-02-06 13_58_51) 20260206 140033.csv,0.15,0.15,0.15,LinC/LinA,-0.501387365439498,103.03279254314931,120.8678811715349,0.5739643919950866,0.4892710416893759,4.729641008860415,0.14724361170918954,0.8618611821342337,0.17018972275119668,2852.515031038876,5106.329829846647,0.5586233412432237
1_Tafel Protocol Naf_flex ch3 (2026-02-06 13_58_51) 20260206 140033.csv,0.15,0.15,0.15,NlC/NlA,-0.5013873705857654,177.6691786423496,243.7037992652622,0.33284981998272456,0.2426599597785346,14.66615865921512,0.456588178011244,0.9590735405028944,0.0926355215888612,2852.515031038876,3042.267486706332,0.9376279513564769
1_Tafel Protocol Naf_flex ch3 (2026-02-06 13_58_51) 20260206 140033.csv,0.2,0.2,0.2,LinC/LinA,-0.502718029441244,118.52674059612447,147.87260682925387,0.4989351249360031,0.39991960239038266,5.657112002586169,0.17611772258057587,0.9033756743086222,0.1519479803068294,2844.5754742588233,5049.893265826612,0.5632941776232171
1_Tafel Protocol Naf_flex ch3 (2026-02-06 13_58_51) 20260206 140033.csv,0.2,0.2,0.2,NlC/NlA,-0.5027180338141194,178.65320707793344,256.76971638170886,0.33101647093179437,0.23031202807293855,15.295744592863395,0.47618850424700004,0.9890319095159286,0.051193780975094645,2844.5754742588233,2990.7407466359773,0.9511274012829222
1_Tafel Protocol Naf_flex ch3 (2026-02-06 13_58_51) 20260206 140033.csv,0.25,0.25,0.25,LinC/LinA,-0.5007291486778696,134.22425262090692,167.0159492771057,0.44058471530184046,0.354080879003159,6.672272282324833,0.20772178423608142,0.925799840110334,0.14840972796332488,2860.1609633937533,4842.931341547114,0.5905846607521905
1_Tafel Protocol Naf_flex ch3 (2026-02-06 13_58_51) 20260206 140033.csv,0.25,0.25,0.25,NlC/NlA,-0.5007291509030372,177.7678680847018,242.20001685562875,0.3326650353899011,0.24416659790257253,14.55217547855443,0.45303964332052654,0.9775784791219033,0.08158164956912255,2860.1609633937533,3059.070535928358,0.9349771212535182
1_Tafel Protocol Naf_flex ch3 (2026-02-06 13_58_51) 20260206 140033.csv,0.3,0.2877310061600251,0.3,LinC/LinA,-0.5007291455175372,140.8012821913825,178.2950380092143,0.4200043721704401,0.3316814353775139,7.204778133592327,0.2242998045657458,0.9458060237371285,0.1370201315283741,2860.1609633937533,4741.431941062299,0.6032272526415186
1_Tafel Protocol Naf_flex ch3 (2026-02-06 13_58_51) 20260206 140033.csv,0.3,0.2877310061600251,0.3,NlC/NlA,-0.5007291463986014,174.8231082326367,235.4292715881891,0.3382685202512869,0.2511886212306973,14.088937388784242,0.4386180732074362,0.9833790558478425,0.07588164144083648,2860.1609633937533,3091.9752594495676,0.925027118070446
1_Tafel Protocol PI-Gr_flex ch2 (2026-02-06 13_58_51) 20260206 140033.csv,0.15,0.15,0.15,LinC/LinA,-0.3766487260435441,66.25107513098828,150.68862423667028,0.8926218029014865,0.39244604181072273,2.8422635442016215,0.08848560575603713,0.9511852833718915,0.1401375656620446,3781.5292601789142,7030.335999460074,0.5378874154050864
1_Tafel Protocol PI-Gr_flex ch2 (2026-02-06 13_58_51) 20260206 140033.csv,0.15,0.15,0.15,NlC/NlA,-0.3766487369529955,84.0873671577874,294.42157833831595,0.7032822661294117,0.2008587633465876,6.5043738108583025,0.20249475383506987,0.9926434610216192,0.05440213614871497,3781.5292601789142,4366.4130146316,0.8660493745111207
1_Tafel Protocol PI-Gr_flex ch2 (2026-02-06 13_58_51) 20260206 140033.csv,0.2,0.16826538151237314,0.2,LinC/LinA,-0.381313996558404,63.36889607836346,185.47563639482553,0.933220519645067,0.31884055112067766,3.08329781653738,0.09598950652523418,0.9470061011879297,0.15980251077214236,3418.211498104041,6651.59035765951,0.5138938681285244
1_Tafel Protocol PI-Gr_flex ch2 (2026-02-06 13_58_51) 20260206 140033.csv,0.2,0.16826538151237314,0.2,NlC/NlA,-0.37772494100818266,77.44530338378227,282.25482178320993,0.7635989730007106,0.20951689595228873,5.986173327837127,0.18636208952364705,0.989341242293628,0.07047554498399154,3697.851198341505,4408.112205960819,0.8388741088171777
1_Tafel Protocol PI-Gr_flex ch2 (2026-02-06 13_58_51) 20260206 140033.csv,0.25,0.16826538151237314,0.25,LinC/LinA,-0.3826135566235537,64.54655156503668,215.08034794535027,0.9161938584433653,0.27495377747208566,3.5068749072118575,0.10917634682692726,0.9437782476844016,0.1554928152528098,3325.114458757692,6147.246316337163,0.5409112125409287
1_Tafel Protocol PI-Gr_flex ch2 (2026-02-06 13_58_51) 20260206 140033.csv,0.25,0.16826538151237314,0.25,NlC/NlA,-0.37773574489102246,77.99056746836183,293.77884653022187,0.7582603390028487,0.20129820382251717,6.133845202457317,0.1909594236820343,0.9892680017332546,0.0666177475724257,3697.851198341505,4362.768764802396,0.8475927553563553
1_Tafel Protocol PI-Gr_flex ch2 (2026-02-06 13_58_51) 20260206 140033.csv,0.3,0.16826538151237314,0.3,LinC/LinA,-0.383255170822321,65.6625078670545,233.33737149425937,0.9006228371191417,0.2534405601163614,3.7732153252821865,0.11746808081420929,0.9433493191088912,0.14955254976324941,3279.6005628207345,5896.919869437172,0.5561548461627229
1_Tafel Protocol PI-Gr_flex ch2 (2026-02-06 13_58_51) 20260206 140033.csv,0.3,0.16826538151237314,0.3,NlC/NlA,-0.37773712930758097,78.06678634457516,295.24979609792973,0.757520027359164,0.20029532588726912,6.1543715542592885,0.19159845192305172,0.989534842994188,0.06298614350682236,3697.851198341505,4356.131452055077,0.8488842081652478
1_Tafel Protocol PI-Gr_flex ch2 (2026-02-06 13_58_51) 20260206 140033.csv,0.35,0.16826538151237314,0.35,LinC/LinA,-0.3839104642871425,65.90935784184775,242.32573701723706,0.8972497390960273,0.24403992269041594,3.9086639262778653,0.12168487891245777,0.9438521478155463,0.14575194704094763,3234.7445510337197,5756.284747365744,0.5619500585884046
1_Tafel Protocol PI-Gr_flex ch2 (2026-02-06 13_58_51) 20260206 140033.csv,0.35,0.16826538151237314,0.35,NlC/NlA,-0.37773129865977406,77.69805207782521,289.92270433099964,0.7611150157065799,0.20397558812803,6.057581564846526,0.18858517721748094,0.9899929494289998,0.06029397181229593,3697.851198341505,4392.3721087621725,0.8418802202492829
1_Tafel Protocol PI-flex_2 Prime2404 ch1 (2026-02-25 11_33_11) 20260225 113348.csv,0.15,0.15,0.15,LinC/LinA,-0.4218743910793319,78.15260176363704,159.35961998506195,0.7566882329322532,0.3710924645347924,3.8439900778997824,0.11967144681465551,0.8692556351251133,0.1928250389970189,3012.9942936788716,5923.24324628239,0.5086730644685105
1_Tafel Protocol PI-flex_2 Prime2404 ch1 (2026-02-25 11_33_11) 20260225 113348.csv,0.15,0.15,0.15,NlC/NlA,-0.41892013556219393,127.56162492860234,650.3770108909192,0.46359674518637023,0.09092749764721164,14.487349440966787,0.451021473254486,0.9976212221373143,0.025178116085268824,3121.8725725104723,3196.369735594528,0.9766931959546291
1_Tafel Protocol PI-flex_2 Prime2404 ch1 (2026-02-25 11_33_11) 20260225 113348.csv,0.2,0.2,0.2,LinC/LinA,-0.4245582094289542,81.27595184808662,236.7131864546343,0.7276094931268011,0.24982619267354644,5.111741496906335,0.15913919866606965,0.930438581773952,0.18026184856344,2918.361945711589,5139.36436515638,0.5678449197915139
1_Tafel Protocol PI-flex_2 Prime2404 ch1 (2026-02-25 11_33_11) 20260225 113348.csv,0.2,0.2,0.2,NlC/NlA,-0.4190652332262438,103.70122648271457,441.5190553156454,0.5702647512798884,0.13394020805128554,10.705697721687143,0.3332907498592309,0.9869844975712871,0.07614154742250395,3121.8725725104723,3406.061042653614,0.9165638940159057
1_Tafel Protocol PI-flex_2 Prime2404 ch1 (2026-02-25 11_33_11) 20260225 113348.csv,0.25,0.20276520534991643,0.25,LinC/LinA,-0.4278789629939432,81.08351283555093,288.0782945170595,0.7293363602477767,0.2052815337119493,5.720988492524955,0.1781063312433206,0.9152395189907516,0.19349503248691147,2800.0771264403106,4802.43302850314,0.5830538624529368
1_Tafel Protocol PI-flex_2 Prime2404 ch1 (2026-02-25 11_33_11) 20260225 113348.csv,0.25,0.20276520534991643,0.25,NlC/NlA,-0.4191000086728463,102.45397758594964,462.277735863528,0.5772070106109238,0.12792559437697612,10.70736964980538,0.3333428004766426,0.9835780609406053,0.08308986873658149,3121.8725725104723,3401.049010235567,0.9179146090265373
1_Tafel Protocol PI-flex_2 Prime2404 ch1 (2026-02-25 11_33_11) 20260225 113348.csv,0.3,0.20276520534991643,0.3,LinC/LinA,-0.42918737435573845,81.42766852260858,311.6339939695464,0.7262538053777755,0.18976477300921035,6.016465130074192,0.18730513665094697,0.9135476797592845,0.18572957537720375,2753.336550646511,4659.301316225474,0.5909333532601417
1_Tafel Protocol PI-flex_2 Prime2404 ch1 (2026-02-25 11_33_11) 20260225 113348.csv,0.3,0.20276520534991643,0.3,NlC/NlA,-0.4192410655393989,101.64970900005912,445.20180219647546,0.581773963834468,0.13283224334632482,10.478279253270735,0.32621073752927343,0.9834067298883157,0.07899440858566188,3107.957583231209,3429.3335659733916,0.9062861700212116
1_Tafel Protocol PI-flex_2 Prime2404 ch1 (2026-02-25 11_33_11) 20260225 113348.csv,0.35,0.20276520534991643,0.35,LinC/LinA,-0.4290161390443021,81.59268513087332,311.664702168208,0.724784997977816,0.18974607556189593,6.021989629432917,0.18747712586470336,0.9124670638798806,0.1806529571862731,2766.5579538165102,4662.598433786165,0.5933511094949657
1_Tafel Protocol PI-flex_2 Prime2404 ch1 (2026-02-25 11_33_11) 20260225 113348.csv,0.35,0.20276520534991643,0.35,NlC/NlA,-0.41907210671307943,99.88144130358302,404.03883321567525,0.5920734958944088,0.14636502550243055,9.872484619277788,0.30735108418643753,0.9822301350775722,0.07939342507847494,3121.8725725104723,3522.294569812103,0.8863178563390309
1_Tafel Protocol PI_flex ch1 (2026-02-06 13_58_51) 20260206 140033.csv,0.15,0.15,0.15,LinC/LinA,-0.3897757401479607,64.72921611785273,150.48306106737812,0.9136083777055689,0.392982131730469,2.899428147410936,0.09026525935399386,0.9295535417538136,0.17040538626252114,3261.4271597645284,6778.2039629979945,0.48116391562847005
1_Tafel Protocol PI_flex ch1 (2026-02-06 13_58_51) 20260206 140033.csv,0.15,0.15,0.15,NlC/NlA,-0.3876758260936903,83.61356072998674,323.94559374416923,0.7072675007652909,0.18255273499502264,7.388500378246101,0.23001946210496763,0.9975850253182622,0.030826892967771587,3449.3625675272065,3905.7811507110987,0.8831428168726773
1_Tafel Protocol PI_flex ch1 (2026-02-06 13_58_51) 20260206 140033.csv,0.2,0.16886519630059144,0.2,LinC/LinA,-0.3917790820608542,62.93497750306021,191.863580481556,0.9396548068156386,0.3082250105994947,3.4165248252945974,0.10636355990403057,0.9460207623502834,0.16422329526355964,3141.3197530872526,6022.948387672756,0.5215584711827568
1_Tafel Protocol PI_flex ch1 (2026-02-06 13_58_51) 20260206 140033.csv,0.2,0.16886519630059144,0.2,NlC/NlA,-0.3878432037690237,76.57510076954281,292.6447468167088,0.7722765433317714,0.2020783040558858,6.504252781180461,0.20249098592819154,0.9890228588986376,0.07257565125354452,3410.8349634223655,4051.8365865555743,0.8417997346536332
1_Tafel Protocol PI_flex ch1 (2026-02-06 13_58_51) 20260206 140033.csv,0.25,0.16886519630059144,0.25,LinC/LinA,-0.39314635300726536,64.74682577718198,227.61987338360365,0.9133598970719837,0.2598066383593924,3.9849571568591355,0.12406004666804497,0.9429706902281287,0.1589647174515005,3061.474110674177,5492.665610129931,0.5573749301301006
1_Tafel Protocol PI_flex ch1 (2026-02-06 13_58_51) 20260206 140033.csv,0.25,0.16886519630059144,0.25,NlC/NlA,-0.38785141327956,77.1619719267419,306.3130258575315,0.7664028361500379,0.19306117969364364,6.680356105646487,0.20797345055495625,0.9889041145420546,0.06859014945685318,3410.8349634223655,4006.251208730418,0.8513782051383793
1_Tafel Protocol PI_flex ch1 (2026-02-06 13_58_51) 20260206 140033.csv,0.3,0.16886519630059144,0.3,LinC/LinA,-0.39447550678400656,64.92789268619985,245.83534136557006,0.9108127752335623,0.24055595017009593,4.230022224794137,0.13168943453044468,0.9367802784695425,0.16007436866370037,2985.5852544405566,5272.412795297034,0.5662654595451411
1_Tafel Protocol PI_flex ch1 (2026-02-06 13_58_51) 20260206 140033.csv,0.3,0.16886519630059144,0.3,NlC/NlA,-0.3878523021607594,77.23669062426951,307.8972735926454,0.765661418810225,0.1920678070239242,6.702644342288351,0.20866732995418105,0.9891203618809515,0.06488377105883054,3410.8349634223655,4000.161883724253,0.8526742323355151
1_Tafel Protocol PI_flex ch1 (2026-02-06 13_58_51) 20260206 140033.csv,0.35,0.16886519630059144,0.35,LinC/LinA,-0.395102696659089,65.11499908979182,254.67172814618982,0.9081955763530927,0.23220934085639047,4.365504273068377,0.13590727391239485,0.9398670168005849,0.15179943396846718,2949.0102736344065,5157.90078712088,0.5717462191203823
1_Tafel Protocol PI_flex ch1 (2026-02-06 13_58_51) 20260206 140033.csv,0.35,0.16886519630059144,0.35,NlC/NlA,-0.38784919084867525,76.88689620649697,302.3082681493478,0.7691447703748964,0.1956187122820252,6.600905387719242,0.20549998361770253,0.989517127556674,0.06204851788440701,3410.8349634223655,4032.2004942221256,0.8458991481970861
